[
    {
      "id": 1,
      "firstName": "Joelly",
      "lastName": "Solan",
      "email": "joelly@example.com",
      "password": "EasyPeasy1",
      "address": "38 Karstens Park",
      "city": "Dallas",
      "state": "TX",
      "postalCode": "75265",
      "country": "United States",
      "phone": "214-564-6366"
    },
    {
      "id": 2,
      "firstName": "Trev",
      "lastName": "Duplock",
      "email": "tduplock1@ca.gov",
      "password": "uixRi4",
      "address": "11 Mayfield Park",
      "city": "Philadelphia",
      "state": "PA",
      "postalCode": "19146",
      "country": "United States",
      "phone": "215-766-7148"
    },
    {
      "id": 3,
      "firstName": "Chelsie",
      "lastName": "Dobrowolny",
      "email": "cdobrowolny2@noaa.gov",
      "password": "4oT9HbGV",
      "address": "20 Amoth Junction",
      "city": "Scottsdale",
      "state": "AZ",
      "postalCode": "85271",
      "country": "United States",
      "phone": "480-458-9148"
    },
    {
      "id": 4,
      "firstName": "Mirabel",
      "lastName": "Banger",
      "email": "mbanger3@free.fr",
      "password": "MB99qIVG2",
      "address": "2 1st Center",
      "city": "Scottsdale",
      "state": "AZ",
      "postalCode": "85260",
      "country": "United States",
      "phone": "602-892-1109"
    },
    {
      "id": 5,
      "firstName": "Matty",
      "lastName": "Kelley",
      "email": "mkelley4@hexun.com",
      "password": "NA9B2xCKs",
      "address": "2350 Scoville Street",
      "city": "Reno",
      "state": "NV",
      "postalCode": "89519",
      "country": "United States",
      "phone": "775-386-1197"
    },
    {
      "id": 6,
      "firstName": "Inglebert",
      "lastName": "Chappell",
      "email": "ichappell5@example.com",
      "password": "0LcfDCX",
      "address": "08 Lawn Place",
      "city": "Fullerton",
      "state": "CA",
      "postalCode": "92640",
      "country": "United States",
      "phone": "714-859-1216"
    },
    {
      "id": 7,
      "firstName": "Gabey",
      "lastName": "Gounod",
      "email": "ggounod6@a8.net",
      "password": "kMwBWFF15uDs",
      "address": "224 Sherman Place",
      "city": "Minneapolis",
      "state": "MN",
      "postalCode": "55417",
      "country": "United States",
      "phone": "612-966-0076"
    },
    {
      "id": 8,
      "firstName": "Marcello",
      "lastName": "Larratt",
      "email": "mlarratt7@arizona.edu",
      "password": "bm4FXCq0nR",
      "address": "19606 Dryden Circle",
      "city": "Washington",
      "state": "DC",
      "postalCode": "20067",
      "country": "United States",
      "phone": "202-124-2237"
    },
    {
      "id": 9,
      "firstName": "Ange",
      "lastName": "Hammerberg",
      "email": "ahammerberg8@edublogs.org",
      "password": "iOw0HEn",
      "address": "9931 Sugar Parkway",
      "city": "Chattanooga",
      "state": "TN",
      "postalCode": "37410",
      "country": "United States",
      "phone": "423-535-9629"
    },
    {
      "id": 10,
      "firstName": "Coraline",
      "lastName": "Moriarty",
      "email": "cmoriarty9@ca.gov",
      "password": "558nLf5D8",
      "address": "1 Spohn Junction",
      "city": "Shawnee Mission",
      "state": "KS",
      "postalCode": "66205",
      "country": "United States",
      "phone": "913-345-1373"
    },
    {
      "id": 11,
      "firstName": "Alic",
      "lastName": "Skule",
      "email": "askulea@booking.com",
      "password": "hUY5WIaj23z",
      "address": "534 Old Gate Center",
      "city": "San Francisco",
      "state": "CA",
      "postalCode": "94159",
      "country": "United States",
      "phone": "415-230-2442"
    },
    {
      "id": 12,
      "firstName": "Ches",
      "lastName": "Kett",
      "email": "ckettb@sciencedirect.com",
      "password": "PDphBg8FZ",
      "address": "209 Dryden Hill",
      "city": "Kansas City",
      "state": "MO",
      "postalCode": "64187",
      "country": "United States",
      "phone": "816-699-9716"
    },
    {
      "id": 13,
      "firstName": "Gwenette",
      "lastName": "Bothams",
      "email": "gbothamsc@topsy.com",
      "password": "tYlbcCcFNt",
      "address": "8 Waxwing Street",
      "city": "Washington",
      "state": "DC",
      "postalCode": "20051",
      "country": "United States",
      "phone": "202-176-6301"
    },
    {
      "id": 14,
      "firstName": "Ruperta",
      "lastName": "Okey",
      "email": "rokeyd@ycombinator.com",
      "password": "z6YqVEp2c",
      "address": "50 Dapin Trail",
      "city": "Minneapolis",
      "state": "MN",
      "postalCode": "55480",
      "country": "United States",
      "phone": "612-997-5154"
    },
    {
      "id": 15,
      "firstName": "Bendick",
      "lastName": "Cummins",
      "email": "bcumminse@forbes.com",
      "password": "4ZtPJaLJeGI",
      "address": "800 Blackbird Lane",
      "city": "El Paso",
      "state": "TX",
      "postalCode": "79934",
      "country": "United States",
      "phone": "915-323-2349"
    },
    {
      "id": 16,
      "firstName": "Anselm",
      "lastName": "Geistbeck",
      "email": "ageistbeckf@shutterfly.com",
      "password": "dpwFmnZ",
      "address": "743 Mcguire Parkway",
      "city": "Milwaukee",
      "state": "WI",
      "postalCode": "53225",
      "country": "United States",
      "phone": "414-782-3147"
    },
    {
      "id": 17,
      "firstName": "Brianne",
      "lastName": "Spittles",
      "email": "bspittlesg@bbc.co.uk",
      "password": "hm8vYbsWI",
      "address": "22632 La Follette Place",
      "city": "San Francisco",
      "state": "CA",
      "postalCode": "94121",
      "country": "United States",
      "phone": "858-136-9484"
    },
    {
      "id": 18,
      "firstName": "Rubina",
      "lastName": "Heighway",
      "email": "rheighwayh@cdc.gov",
      "password": "z9gCUMw1lg",
      "address": "15 Cascade Park",
      "city": "Columbia",
      "state": "MO",
      "postalCode": "65211",
      "country": "United States",
      "phone": "573-780-4513"
    },
    {
      "id": 19,
      "firstName": "Teodor",
      "lastName": "Eastabrook",
      "email": "teastabrooki@shareasale.com",
      "password": "FzLjf1",
      "address": "4168 Bluejay Trail",
      "city": "Salinas",
      "state": "CA",
      "postalCode": "93907",
      "country": "United States",
      "phone": "831-383-9811"
    },
    {
      "id": 20,
      "firstName": "Nicoli",
      "lastName": "Pharo",
      "email": "npharoj@blogspot.com",
      "password": "07PMy75fK0XD",
      "address": "0 Messerschmidt Street",
      "city": "Washington",
      "state": "DC",
      "postalCode": "20088",
      "country": "United States",
      "phone": "202-271-1930"
    },
    {
      "id": 21,
      "firstName": "Cari",
      "lastName": "Sperski",
      "email": "csperskik@reverbnation.com",
      "password": "3bm32Fo",
      "address": "96 East Court",
      "city": "Las Cruces",
      "state": "NM",
      "postalCode": "88006",
      "country": "United States",
      "phone": "505-355-0083"
    },
    {
      "id": 22,
      "firstName": "Drew",
      "lastName": "Kimmings",
      "email": "dkimmingsl@miibeian.gov.cn",
      "password": "20wGMdayjbf",
      "address": "920 Weeping Birch Lane",
      "city": "Melbourne",
      "state": "FL",
      "postalCode": "32941",
      "country": "United States",
      "phone": "321-718-7678"
    },
    {
      "id": 23,
      "firstName": "Addia",
      "lastName": "Epdell",
      "email": "aepdellm@sourceforge.net",
      "password": "6MYmbH",
      "address": "17349 Welch Park",
      "city": "Houston",
      "state": "TX",
      "postalCode": "77065",
      "country": "United States",
      "phone": "281-570-0269"
    },
    {
      "id": 24,
      "firstName": "Maxy",
      "lastName": "Causbey",
      "email": "mcausbeyn@miitbeian.gov.cn",
      "password": "IpSU9QJ",
      "address": "01 Eagan Place",
      "city": "Shawnee Mission",
      "state": "KS",
      "postalCode": "66286",
      "country": "United States",
      "phone": "913-462-0350"
    },
    {
      "id": 25,
      "firstName": "Amerigo",
      "lastName": "Francescone",
      "email": "afrancesconeo@soup.io",
      "password": "afUqtLNgLiq9",
      "address": "07700 John Wall Drive",
      "city": "Farmington",
      "state": "MI",
      "postalCode": "48335",
      "country": "United States",
      "phone": "248-325-8961"
    },
    {
      "id": 26,
      "firstName": "Stesha",
      "lastName": "Terbrugge",
      "email": "sterbruggep@wsj.com",
      "password": "kahiGNrTE4J",
      "address": "44212 Roxbury Crossing",
      "city": "Chicago",
      "state": "IL",
      "postalCode": "60609",
      "country": "United States",
      "phone": "773-170-2693"
    },
    {
      "id": 27,
      "firstName": "Levi",
      "lastName": "Garrettson",
      "email": "lgarrettsonq@howstuffworks.com",
      "password": "qQ7mBtEQ4QiA",
      "address": "85246 Heath Lane",
      "city": "Little Rock",
      "state": "AR",
      "postalCode": "72215",
      "country": "United States",
      "phone": "501-690-5627"
    },
    {
      "id": 28,
      "firstName": "Griffy",
      "lastName": "de Wilde",
      "email": "gdewilder@examiner.com",
      "password": "EbRkNq8m",
      "address": "9198 Gina Parkway",
      "city": "Austin",
      "state": "TX",
      "postalCode": "78726",
      "country": "United States",
      "phone": "512-783-3810"
    },
    {
      "id": 29,
      "firstName": "Marthe",
      "lastName": "Pigne",
      "email": "mpignes@google.it",
      "password": "woNFn2RtW",
      "address": "72791 Forster Avenue",
      "city": "Portland",
      "state": "OR",
      "postalCode": "97255",
      "country": "United States",
      "phone": "971-775-2951"
    },
    {
      "id": 30,
      "firstName": "Goldie",
      "lastName": "Forshaw",
      "email": "gforshawt@linkedin.com",
      "password": "7WgQgL9I6",
      "address": "817 Stang Road",
      "city": "Charlotte",
      "state": "NC",
      "postalCode": "28205",
      "country": "United States",
      "phone": "704-684-3045"
    },
    {
      "id": 31,
      "firstName": "Kyrstin",
      "lastName": "Oliveti",
      "email": "kolivetiu@tiny.cc",
      "password": "2P27mI8Uq8",
      "address": "8730 Heffernan Trail",
      "city": "Austin",
      "state": "TX",
      "postalCode": "78769",
      "country": "United States",
      "phone": "512-764-0839"
    },
    {
      "id": 32,
      "firstName": "Vida",
      "lastName": "Gilburt",
      "email": "vgilburtv@github.io",
      "password": "O40bolAY",
      "address": "92 Iowa Parkway",
      "city": "Hartford",
      "state": "CT",
      "postalCode": "06183",
      "country": "United States",
      "phone": "860-826-1311"
    },
    {
      "id": 33,
      "firstName": "Esther",
      "lastName": "Nucciotti",
      "email": "enucciottiw@diigo.com",
      "password": "nRynl1R",
      "address": "67952 Columbus Way",
      "city": "Los Angeles",
      "state": "CA",
      "postalCode": "90040",
      "country": "United States",
      "phone": "323-907-4902"
    },
    {
      "id": 34,
      "firstName": "Nevil",
      "lastName": "Pullinger",
      "email": "npullingerx@creativecommons.org",
      "password": "TEOXuU",
      "address": "076 Banding Park",
      "city": "Stamford",
      "state": "CT",
      "postalCode": "06905",
      "country": "United States",
      "phone": "203-342-6340"
    },
    {
      "id": 35,
      "firstName": "Jojo",
      "lastName": "Eagers",
      "email": "jeagersy@npr.org",
      "password": "wn9D8b8T",
      "address": "09 Hoepker Center",
      "city": "Los Angeles",
      "state": "CA",
      "postalCode": "90045",
      "country": "United States",
      "phone": "310-593-0399"
    },
    {
      "id": 36,
      "firstName": "Barret",
      "lastName": "Tenbrug",
      "email": "btenbrugz@seesaa.net",
      "password": "3MM3yRq",
      "address": "1 Independence Plaza",
      "city": "Reno",
      "state": "NV",
      "postalCode": "89550",
      "country": "United States",
      "phone": "702-182-6523"
    },
    {
      "id": 37,
      "firstName": "Lina",
      "lastName": "Pilsworth",
      "email": "lpilsworth10@cbslocal.com",
      "password": "vwn7OyVDI",
      "address": "364 Gale Pass",
      "city": "Omaha",
      "state": "NE",
      "postalCode": "68117",
      "country": "United States",
      "phone": "402-783-4632"
    },
    {
      "id": 38,
      "firstName": "Humfrey",
      "lastName": "Paslow",
      "email": "hpaslow11@merriam-webster.com",
      "password": "1aLIc8mhE0bZ",
      "address": "5 Dakota Alley",
      "city": "North Little Rock",
      "state": "AR",
      "postalCode": "72199",
      "country": "United States",
      "phone": "501-896-6750"
    },
    {
      "id": 39,
      "firstName": "Cornall",
      "lastName": "Ovington",
      "email": "covington12@irs.gov",
      "password": "KdYRLZNNjR",
      "address": "79473 Esch Lane",
      "city": "Sacramento",
      "state": "CA",
      "postalCode": "94237",
      "country": "United States",
      "phone": "916-858-1482"
    },
    {
      "id": 40,
      "firstName": "Elnar",
      "lastName": "Dable",
      "email": "edable13@ftc.gov",
      "password": "u3gs7fBy",
      "address": "09 Mccormick Circle",
      "city": "Pittsburgh",
      "state": "PA",
      "postalCode": "15266",
      "country": "United States",
      "phone": "-811-1865"
    },
    {
      "id": 41,
      "firstName": "Nils",
      "lastName": "Wickham",
      "email": "nwickham14@jigsy.com",
      "password": "KmnFDBYtMYz",
      "address": "5355 Carey Circle",
      "city": "Sacramento",
      "state": "CA",
      "postalCode": "94207",
      "country": "United States",
      "phone": "916-279-4895"
    },
    {
      "id": 42,
      "firstName": "Nettle",
      "lastName": "Castana",
      "email": "ncastana15@last.fm",
      "password": "THrqp0R",
      "address": "5209 Havey Parkway",
      "city": "Boise",
      "state": "ID",
      "postalCode": "83722",
      "country": "United States",
      "phone": "208-314-8235"
    },
    {
      "id": 43,
      "firstName": "Willard",
      "lastName": "Brownfield",
      "email": "wbrownfield16@telegraph.co.uk",
      "password": "8Xtizfb",
      "address": "2 Mayer Center",
      "city": "Mesa",
      "state": "AZ",
      "postalCode": "85215",
      "country": "United States",
      "phone": "602-243-1577"
    },
    {
      "id": 44,
      "firstName": "Berty",
      "lastName": "Yetman",
      "email": "byetman17@youtu.be",
      "password": "vvabeIl",
      "address": "1487 Cody Parkway",
      "city": "Milwaukee",
      "state": "WI",
      "postalCode": "53234",
      "country": "United States",
      "phone": "414-486-2481"
    },
    {
      "id": 45,
      "firstName": "Ricard",
      "lastName": "Kenton",
      "email": "rkenton18@xinhuanet.com",
      "password": "WGGtjBZG",
      "address": "91201 Birchwood Drive",
      "city": "Chicago",
      "state": "IL",
      "postalCode": "60614",
      "country": "United States",
      "phone": "312-244-6876"
    },
    {
      "id": 46,
      "firstName": "Rachel",
      "lastName": "Linnett",
      "email": "rlinnett19@wiley.com",
      "password": "w6wn7qQU7zjv",
      "address": "979 Maryland Street",
      "city": "Atlanta",
      "state": "GA",
      "postalCode": "31106",
      "country": "United States",
      "phone": "404-771-5001"
    },
    {
      "id": 47,
      "firstName": "Lorianne",
      "lastName": "Hirtz",
      "email": "lhirtz1a@wordpress.com",
      "password": "bUP9PR3HF",
      "address": "0666 Hayes Terrace",
      "city": "New York City",
      "state": "NY",
      "postalCode": "10039",
      "country": "United States",
      "phone": "917-954-0946"
    },
    {
      "id": 48,
      "firstName": "Eliot",
      "lastName": "Unwin",
      "email": "eunwin1b@flickr.com",
      "password": "8unSpZ6Y",
      "address": "30182 Cherokee Drive",
      "city": "Grand Rapids",
      "state": "MI",
      "postalCode": "49544",
      "country": "United States",
      "phone": "616-224-0154"
    },
    {
      "id": 49,
      "firstName": "Renard",
      "lastName": "Bullus",
      "email": "rbullus1c@canalblog.com",
      "password": "8PLV3PDNt",
      "address": "99 Sheridan Street",
      "city": "Jamaica",
      "state": "NY",
      "postalCode": "11499",
      "country": "United States",
      "phone": "212-590-0831"
    },
    {
      "id": 50,
      "firstName": "Liz",
      "lastName": "Bines",
      "email": "lbines1d@tuttocitta.it",
      "password": "ZddWD9fC1",
      "address": "1 Quincy Court",
      "city": "Houston",
      "state": "TX",
      "postalCode": "77090",
      "country": "United States",
      "phone": "713-984-0567"
    },
    {
      "id": 51,
      "firstName": "Loy",
      "lastName": "Lawty",
      "email": "llawty1e@is.gd",
      "password": "lK4JZQTYV",
      "address": "48548 Oxford Pass",
      "city": "Los Angeles",
      "state": "CA",
      "postalCode": "90071",
      "country": "United States",
      "phone": "626-826-7930"
    },
    {
      "id": 52,
      "firstName": "Estelle",
      "lastName": "Wheatland",
      "email": "ewheatland1f@jigsy.com",
      "password": "DMzuIqx",
      "address": "795 Northwestern Park",
      "city": "Largo",
      "state": "FL",
      "postalCode": "34643",
      "country": "United States",
      "phone": "863-537-6874"
    },
    {
      "id": 53,
      "firstName": "Bernarr",
      "lastName": "Clubley",
      "email": "bclubley1g@163.com",
      "password": "TC3HN7",
      "address": "50 Dahle Park",
      "city": "Evansville",
      "state": "IN",
      "postalCode": "47737",
      "country": "United States",
      "phone": "812-782-8071"
    },
    {
      "id": 54,
      "firstName": "Liuka",
      "lastName": "Duffree",
      "email": "lduffree1h@usatoday.com",
      "password": "y1JxEqd",
      "address": "025 Summerview Junction",
      "city": "Naperville",
      "state": "IL",
      "postalCode": "60567",
      "country": "United States",
      "phone": "630-811-1297"
    },
    {
      "id": 55,
      "firstName": "Jermayne",
      "lastName": "Kibblewhite",
      "email": "jkibblewhite1i@ibm.com",
      "password": "kBo5TinXCC",
      "address": "1444 Manley Crossing",
      "city": "Delray Beach",
      "state": "FL",
      "postalCode": "33448",
      "country": "United States",
      "phone": "561-848-5698"
    },
    {
      "id": 56,
      "firstName": "Darwin",
      "lastName": "Bayle",
      "email": "dbayle1j@dion.ne.jp",
      "password": "6hm28JBWIdk",
      "address": "3 Victoria Terrace",
      "city": "Midland",
      "state": "TX",
      "postalCode": "79705",
      "country": "United States",
      "phone": "432-447-3794"
    },
    {
      "id": 57,
      "firstName": "Kris",
      "lastName": "Evenett",
      "email": "kevenett1k@washington.edu",
      "password": "u3Vaxm",
      "address": "7382 Morningstar Junction",
      "city": "Whittier",
      "state": "CA",
      "postalCode": "90605",
      "country": "United States",
      "phone": "626-443-5622"
    },
    {
      "id": 58,
      "firstName": "Tonye",
      "lastName": "Cromarty",
      "email": "tcromarty1l@blogger.com",
      "password": "7BRFSb5f",
      "address": "71063 Bashford Circle",
      "city": "Omaha",
      "state": "NE",
      "postalCode": "68144",
      "country": "United States",
      "phone": "402-809-4426"
    },
    {
      "id": 59,
      "firstName": "Gabrila",
      "lastName": "Alans",
      "email": "galans1m@miibeian.gov.cn",
      "password": "eGGge5RJ2Yc0",
      "address": "0638 Blackbird Place",
      "city": "Nashville",
      "state": "TN",
      "postalCode": "37215",
      "country": "United States",
      "phone": "615-409-4761"
    },
    {
      "id": 60,
      "firstName": "Tracie",
      "lastName": "Reily",
      "email": "treily1n@google.fr",
      "password": "Wcdzjj",
      "address": "3414 Luster Hill",
      "city": "Merrifield",
      "state": "VA",
      "postalCode": "22119",
      "country": "United States",
      "phone": "571-876-6419"
    },
    {
      "id": 61,
      "firstName": "Diana",
      "lastName": "Joincey",
      "email": "djoincey1o@php.net",
      "password": "XFKomB",
      "address": "93 Lunder Drive",
      "city": "Phoenix",
      "state": "AZ",
      "postalCode": "85067",
      "country": "United States",
      "phone": "602-114-1118"
    },
    {
      "id": 62,
      "firstName": "Lyndsie",
      "lastName": "Sherme",
      "email": "lsherme1p@blogger.com",
      "password": "FLjxWcbZt",
      "address": "7 Milwaukee Street",
      "city": "Akron",
      "state": "OH",
      "postalCode": "44321",
      "country": "United States",
      "phone": "330-271-6131"
    },
    {
      "id": 63,
      "firstName": "Zonnya",
      "lastName": "Bonhill",
      "email": "zbonhill1q@ed.gov",
      "password": "PHIprJGZ5N5",
      "address": "50843 Meadow Vale Plaza",
      "city": "Rochester",
      "state": "NY",
      "postalCode": "14652",
      "country": "United States",
      "phone": "585-240-8732"
    },
    {
      "id": 64,
      "firstName": "Keri",
      "lastName": "Mcimmie",
      "email": "kmcimmie1r@ask.com",
      "password": "GhpJfnBD",
      "address": "7 Scoville Place",
      "city": "Waco",
      "state": "TX",
      "postalCode": "76705",
      "country": "United States",
      "phone": "254-509-2585"
    },
    {
      "id": 65,
      "firstName": "Caren",
      "lastName": "De Bell",
      "email": "cdebell1s@furl.net",
      "password": "KbWRtIhFMmFz",
      "address": "9446 Fisk Road",
      "city": "Aurora",
      "state": "CO",
      "postalCode": "80045",
      "country": "United States",
      "phone": "303-194-6968"
    },
    {
      "id": 66,
      "firstName": "Dacy",
      "lastName": "Killcross",
      "email": "dkillcross1t@sciencedaily.com",
      "password": "tYUkI77Yws",
      "address": "558 Derek Avenue",
      "city": "Bryan",
      "state": "TX",
      "postalCode": "77806",
      "country": "United States",
      "phone": "979-325-0503"
    },
    {
      "id": 67,
      "firstName": "Woodie",
      "lastName": "Stannering",
      "email": "wstannering1u@msu.edu",
      "password": "f2IPi6",
      "address": "9 Susan Trail",
      "city": "Salt Lake City",
      "state": "UT",
      "postalCode": "84105",
      "country": "United States",
      "phone": "801-320-0015"
    },
    {
      "id": 68,
      "firstName": "Fae",
      "lastName": "Softley",
      "email": "fsoftley1v@hatena.ne.jp",
      "password": "h3TIWE08E0nk",
      "address": "0624 Washington Alley",
      "city": "Orlando",
      "state": "FL",
      "postalCode": "32835",
      "country": "United States",
      "phone": "407-271-1894"
    },
    {
      "id": 69,
      "firstName": "Lusa",
      "lastName": "Parslow",
      "email": "lparslow1w@blogger.com",
      "password": "lGdWV5kBY",
      "address": "3601 Jackson Terrace",
      "city": "Dallas",
      "state": "TX",
      "postalCode": "75287",
      "country": "United States",
      "phone": "214-253-0328"
    },
    {
      "id": 70,
      "firstName": "Tammie",
      "lastName": "Esslement",
      "email": "tesslement1x@hc360.com",
      "password": "ej2NAW1GCrOT",
      "address": "116 Luster Street",
      "city": "Dallas",
      "state": "TX",
      "postalCode": "75216",
      "country": "United States",
      "phone": "469-770-9792"
    },
    {
      "id": 71,
      "firstName": "Sabina",
      "lastName": "McCuaig",
      "email": "smccuaig1y@accuweather.com",
      "password": "yNhWEpTSa",
      "address": "44 Sunnyside Crossing",
      "city": "Alexandria",
      "state": "LA",
      "postalCode": "71307",
      "country": "United States",
      "phone": "318-891-8263"
    },
    {
      "id": 72,
      "firstName": "Artie",
      "lastName": "Lesser",
      "email": "alesser1z@usda.gov",
      "password": "QxjK3FObl",
      "address": "4963 Washington Way",
      "city": "Chicago",
      "state": "IL",
      "postalCode": "60686",
      "country": "United States",
      "phone": "312-455-9979"
    },
    {
      "id": 73,
      "firstName": "Glennie",
      "lastName": "Valenta",
      "email": "gvalenta20@sun.com",
      "password": "PpqB2iMUKRt",
      "address": "7 Village Green Way",
      "city": "Detroit",
      "state": "MI",
      "postalCode": "48217",
      "country": "United States",
      "phone": "313-779-7500"
    },
    {
      "id": 74,
      "firstName": "Cornie",
      "lastName": "Greasty",
      "email": "cgreasty21@techcrunch.com",
      "password": "5Yie8M8vt",
      "address": "35 Cherokee Center",
      "city": "Newark",
      "state": "NJ",
      "postalCode": "07104",
      "country": "United States",
      "phone": "973-637-3315"
    },
    {
      "id": 75,
      "firstName": "Bridie",
      "lastName": "Bault",
      "email": "bbault22@google.ru",
      "password": "jodkEhLi",
      "address": "945 Pankratz Lane",
      "city": "Iowa City",
      "state": "IA",
      "postalCode": "52245",
      "country": "United States",
      "phone": "319-624-8965"
    },
    {
      "id": 76,
      "firstName": "Torin",
      "lastName": "Kinchington",
      "email": "tkinchington23@barnesandnoble.com",
      "password": "1cNg3ERX32R",
      "address": "353 Brown Street",
      "city": "Alexandria",
      "state": "LA",
      "postalCode": "71307",
      "country": "United States",
      "phone": "318-423-6805"
    },
    {
      "id": 77,
      "firstName": "Willy",
      "lastName": "Pesek",
      "email": "wpesek24@cmu.edu",
      "password": "XnGQpR6dv7",
      "address": "2 Golf Course Junction",
      "city": "Stamford",
      "state": "CT",
      "postalCode": "06905",
      "country": "United States",
      "phone": "203-281-2821"
    },
    {
      "id": 78,
      "firstName": "Zelda",
      "lastName": "Gimeno",
      "email": "zgimeno25@ft.com",
      "password": "rnYWywM",
      "address": "9 Judy Court",
      "city": "Rochester",
      "state": "NY",
      "postalCode": "14683",
      "country": "United States",
      "phone": "585-255-1216"
    },
    {
      "id": 79,
      "firstName": "Guenevere",
      "lastName": "Schwaiger",
      "email": "gschwaiger26@weebly.com",
      "password": "IZDg0RezQkx",
      "address": "564 Walton Center",
      "city": "Waterbury",
      "state": "CT",
      "postalCode": "06705",
      "country": "United States",
      "phone": "203-628-9826"
    },
    {
      "id": 80,
      "firstName": "Averil",
      "lastName": "Eckart",
      "email": "aeckart27@theglobeandmail.com",
      "password": "8t934DiX",
      "address": "571 International Avenue",
      "city": "Cincinnati",
      "state": "OH",
      "postalCode": "45999",
      "country": "United States",
      "phone": "513-126-9215"
    },
    {
      "id": 81,
      "firstName": "Joya",
      "lastName": "Haresign",
      "email": "jharesign28@technorati.com",
      "password": "Y13rHpDxlc",
      "address": "92428 Golden Leaf Park",
      "city": "Dallas",
      "state": "TX",
      "postalCode": "75310",
      "country": "United States",
      "phone": "214-958-8578"
    },
    {
      "id": 82,
      "firstName": "Chas",
      "lastName": "Edgecombe",
      "email": "cedgecombe29@webnode.com",
      "password": "oMQu8o2V",
      "address": "43604 Upham Court",
      "city": "Miami",
      "state": "FL",
      "postalCode": "33158",
      "country": "United States",
      "phone": "305-831-4943"
    },
    {
      "id": 83,
      "firstName": "Jyoti",
      "lastName": "Yeskov",
      "email": "jyeskov2a@ucoz.ru",
      "password": "uQXHyWal",
      "address": "62 Claremont Center",
      "city": "Englewood",
      "state": "CO",
      "postalCode": "80150",
      "country": "United States",
      "phone": "303-272-8052"
    },
    {
      "id": 84,
      "firstName": "Lisle",
      "lastName": "Breche",
      "email": "lbreche2b@imageshack.us",
      "password": "jEFcHSAq00Jg",
      "address": "05100 Tony Junction",
      "city": "Beaverton",
      "state": "OR",
      "postalCode": "97075",
      "country": "United States",
      "phone": "503-122-6638"
    },
    {
      "id": 85,
      "firstName": "Carlo",
      "lastName": "Artis",
      "email": "cartis2c@constantcontact.com",
      "password": "FaptoK",
      "address": "114 Fairview Alley",
      "city": "Tuscaloosa",
      "state": "AL",
      "postalCode": "35487",
      "country": "United States",
      "phone": "205-971-1956"
    },
    {
      "id": 86,
      "firstName": "Flint",
      "lastName": "Aldwich",
      "email": "faldwich2d@smugmug.com",
      "password": "IjPTaGKW",
      "address": "708 Erie Center",
      "city": "Washington",
      "state": "DC",
      "postalCode": "20337",
      "country": "United States",
      "phone": "202-990-0722"
    },
    {
      "id": 87,
      "firstName": "Othella",
      "lastName": "O'Devey",
      "email": "oodevey2e@nyu.edu",
      "password": "TlvQmL9u",
      "address": "45 Jay Place",
      "city": "Birmingham",
      "state": "AL",
      "postalCode": "35254",
      "country": "United States",
      "phone": "205-117-9188"
    },
    {
      "id": 88,
      "firstName": "Hadrian",
      "lastName": "Sangwine",
      "email": "hsangwine2f@booking.com",
      "password": "0RjxxGo",
      "address": "6 Gulseth Court",
      "city": "Charlotte",
      "state": "NC",
      "postalCode": "28230",
      "country": "United States",
      "phone": "704-505-3692"
    },
    {
      "id": 89,
      "firstName": "Brad",
      "lastName": "Kleinzweig",
      "email": "bkleinzweig2g@odnoklassniki.ru",
      "password": "V9ShXJ8hyw7",
      "address": "769 Fairfield Trail",
      "city": "Ocala",
      "state": "FL",
      "postalCode": "34479",
      "country": "United States",
      "phone": "352-385-3545"
    },
    {
      "id": 90,
      "firstName": "Erin",
      "lastName": "Purselow",
      "email": "epurselow2h@indiatimes.com",
      "password": "xVzM9O",
      "address": "70362 Monica Hill",
      "city": "Shreveport",
      "state": "LA",
      "postalCode": "71161",
      "country": "United States",
      "phone": "318-503-9818"
    },
    {
      "id": 91,
      "firstName": "Ursola",
      "lastName": "Lowe",
      "email": "ulowe2i@soundcloud.com",
      "password": "9iORo3esuqf",
      "address": "54182 Fairfield Hill",
      "city": "Nashville",
      "state": "TN",
      "postalCode": "37245",
      "country": "United States",
      "phone": "615-212-7152"
    },
    {
      "id": 92,
      "firstName": "Randy",
      "lastName": "Sweetland",
      "email": "rsweetland2j@timesonline.co.uk",
      "password": "UoC3ad",
      "address": "74456 Sullivan Lane",
      "city": "Milwaukee",
      "state": "WI",
      "postalCode": "53234",
      "country": "United States",
      "phone": "414-124-6431"
    },
    {
      "id": 93,
      "firstName": "Erminia",
      "lastName": "Chamberlaine",
      "email": "echamberlaine2k@rambler.ru",
      "password": "3TeDR3Poxmk",
      "address": "68135 Stephen Trail",
      "city": "Indianapolis",
      "state": "IN",
      "postalCode": "46202",
      "country": "United States",
      "phone": "765-660-4244"
    },
    {
      "id": 94,
      "firstName": "Rheba",
      "lastName": "Luff",
      "email": "rluff2l@theguardian.com",
      "password": "frDW0EUG2",
      "address": "301 Almo Court",
      "city": "Anchorage",
      "state": "AK",
      "postalCode": "99522",
      "country": "United States",
      "phone": "907-289-0702"
    },
    {
      "id": 95,
      "firstName": "Collette",
      "lastName": "Espy",
      "email": "cespy2m@drupal.org",
      "password": "9Ihi4FA",
      "address": "8 Jana Lane",
      "city": "Saint Paul",
      "state": "MN",
      "postalCode": "55108",
      "country": "United States",
      "phone": "612-225-2371"
    },
    {
      "id": 96,
      "firstName": "Byrom",
      "lastName": "Davidek",
      "email": "bdavidek2n@mediafire.com",
      "password": "4Jmddrv",
      "address": "3 Mendota Drive",
      "city": "Boston",
      "state": "MA",
      "postalCode": "02216",
      "country": "United States",
      "phone": "617-565-4707"
    },
    {
      "id": 97,
      "firstName": "Mala",
      "lastName": "Headingham",
      "email": "mheadingham2o@nydailynews.com",
      "password": "myekEv5y",
      "address": "49 Merrick Avenue",
      "city": "Dallas",
      "state": "TX",
      "postalCode": "75236",
      "country": "United States",
      "phone": "469-728-3055"
    },
    {
      "id": 98,
      "firstName": "Hardy",
      "lastName": "Vasin",
      "email": "hvasin2p@dailymotion.com",
      "password": "mSSVBcOudlb",
      "address": "822 Pearson Parkway",
      "city": "Springfield",
      "state": "IL",
      "postalCode": "62764",
      "country": "United States",
      "phone": "217-108-6210"
    },
    {
      "id": 99,
      "firstName": "Lyda",
      "lastName": "Forre",
      "email": "lforre2q@reddit.com",
      "password": "fJpdeEb",
      "address": "053 Sugar Crossing",
      "city": "Sparks",
      "state": "NV",
      "postalCode": "89436",
      "country": "United States",
      "phone": "775-712-7598"
    },
    {
      "id": 100,
      "firstName": "Fredrick",
      "lastName": "Francis",
      "email": "fredf@example.com",
      "password": "FredFran1",
      "address": "56 Mockingbird Avenue",
      "city": "Fort Worth",
      "state": "TX",
      "postalCode": "76121",
      "country": "United States",
      "phone": "817-410-4753"
    }
]

