[
  {
    "productName": "Retirement Arrangement",
    "productID": "ID_228ZG4DY",
    "imageURL": "https://picsum.photos/200",
    "category": "Industrial",
    "color": "Rainbow",
    "manufacturer": "Riesenballon Gesellschaft",
    "material": "Mylar",
    "size": "Large",
    "unitPrice": 29.119737116908734,
    "quantityInStock": 1871
  },
  {
    "productName": "Balloon Column",
    "productID": "ID_9IPG60H7",
    "imageURL": "https://images.unsplash.com/photo-1550850395-c17a8e90ad0a?ixid=MnwxMjA3fDB8MHxzZWFyY2h8Mnx8YmFsbG9vbnN8ZW58MHx8MHx8&ixlib=rb-1.2.1&auto=format&fit=crop&w=800&q=60",
    "category": "Standard",
    "color": "Random Mix",
    "manufacturer": "BlowEmUp, Ltd.",
    "material": "Vinyl",
    "size": "XX-Large",
    "unitPrice": 66.8665420261709,
    "quantityInStock": 3732
  },
  {
    "productName": "Graduation Arrangement",
    "productID": "ID_6TGPDUSE",
    "imageURL": "https://images.unsplash.com/photo-1604080907141-8476a60708dc?ixid=MnwxMjA3fDB8MHxzZWFyY2h8MjB8fGJhbGxvb25zfGVufDB8fDB8fA%3D%3D&ixlib=rb-1.2.1&auto=format&fit=crop&w=800&q=60",
    "category": "Economy",
    "color": "Yellow",
    "manufacturer": "Universal Balloons, Inc.",
    "material": "Latex",
    "size": "XX-Large",
    "unitPrice": 6.216767163369753,
    "quantityInStock": 6564
  },
  {
    "productName": "Eid Arrangement",
    "productID": "ID_ZXH01QIO",
    "imageURL": "https://images.unsplash.com/photo-1530103862676-de8c9debad1d?ixlib=rb-1.2.1&ixid=MnwxMjA3fDB8MHxzZWFyY2h8OXx8YmFsbG9vbnN8ZW58MHx8MHx8&auto=format&fit=crop&w=800&q=60",
    "category": "Industrial",
    "color": "Orange/Purple",
    "manufacturer": "Riesenballon Gesellschaft",
    "material": "Vinyl",
    "size": "Large",
    "unitPrice": 15.113865016815835,
    "quantityInStock": 140
  },
  {
    "productName": "Mystery Bouquet",
    "productID": "ID_FXJKMLKV",
    "imageURL": "https://images.unsplash.com/photo-1504196606672-aef5c9cefc92?ixid=MnwxMjA3fDB8MHxzZWFyY2h8MTR8fGJhbGxvb25zfGVufDB8fDB8fA%3D%3D&ixlib=rb-1.2.1&auto=format&fit=crop&w=800&q=60",
    "category": "Deluxe",
    "color": "Orange/Purple",
    "manufacturer": "US Gasbags",
    "material": "Latex",
    "size": "Small",
    "unitPrice": 9.167603902598447,
    "quantityInStock": 6750
  },
  {
    "productName": "Balloon Umbrella",
    "productID": "ID_TR25FLR6",
    "imageURL": "https://images.unsplash.com/photo-1504196606672-aef5c9cefc92?ixid=MnwxMjA3fDB8MHxzZWFyY2h8MTR8fGJhbGxvb25zfGVufDB8fDB8fA%3D%3D&ixlib=rb-1.2.1&auto=format&fit=crop&w=800&q=60",
    "category": "Standard",
    "color": "Silver",
    "manufacturer": "BlowEmUp, Ltd.",
    "material": "Mylar",
    "size": "Small",
    "unitPrice": 97.7758144618227,
    "quantityInStock": 3047
  },
  {
    "productName": "Graduation Arrangement",
    "productID": "ID_9A0M5I3Y",
    "imageURL": "https://images.unsplash.com/photo-1592845571343-2f08af4ba028?ixid=MnwxMjA3fDB8MHxzZWFyY2h8NjN8fGJhbGxvb25zfGVufDB8fDB8fA%3D%3D&ixlib=rb-1.2.1&auto=format&fit=crop&w=800&q=60",
    "category": "Economy",
    "color": "Yellow",
    "manufacturer": "Riesenballon Gesellschaft",
    "material": "Latex",
    "size": "XX-Large",
    "unitPrice": 30.123654533470482,
    "quantityInStock": 7878
  },
  {
    "productName": "Graduation Arrangement",
    "productID": "ID_7LZNE2E7",
    "imageURL": "https://images.unsplash.com/photo-1554400928-c233e2fc4d7a?ixid=MnwxMjA3fDB8MHxzZWFyY2h8MjV8fGJhbGxvb25zfGVufDB8fDB8fA%3D%3D&ixlib=rb-1.2.1&auto=format&fit=crop&w=800&q=60",
    "category": "Standard",
    "color": "Black",
    "manufacturer": "BlowEmUp, Ltd.",
    "material": "Mylar",
    "size": "Large",
    "unitPrice": 96.63377437278707,
    "quantityInStock": 8492
  },
  {
    "productName": "Retirement Arrangement",
    "productID": "ID_PZQT5A2Q",
    "imageURL": "https://images.unsplash.com/photo-1615721383885-a969b63d708f?ixid=MnwxMjA3fDB8MHxzZWFyY2h8NDV8fGJhbGxvb25zfGVufDB8fDB8fA%3D%3D&ixlib=rb-1.2.1&auto=format&fit=crop&w=800&q=60",
    "category": "Economy",
    "color": "Green",
    "manufacturer": "Riesenballon Gesellschaft",
    "material": "Vinyl",
    "size": "X-Large",
    "unitPrice": 68.97282204881432,
    "quantityInStock": 2170
  },
  {
    "productName": "Balloon Column",
    "productID": "ID_8LZU7FMV",
    "imageURL": "https://images.unsplash.com/photo-1525268771113-32d9e9021a97?ixid=MnwxMjA3fDB8MHxzZWFyY2h8N3x8YmFsbG9vbnN8ZW58MHx8MHx8&ixlib=rb-1.2.1&auto=format&fit=crop&w=800&q=60",
    "category": "Deluxe",
    "color": "Red/White/Blue",
    "manufacturer": "Riesenballon Gesellschaft",
    "material": "Mylar",
    "size": "XX-Large",
    "unitPrice": 17.07148542963297,
    "quantityInStock": 5768
  },
  {
    "productName": "Christmas Arrangement",
    "productID": "ID_W3S96ZMF",
    "imageURL": "https://images.unsplash.com/photo-1572355286138-8dae8e7ba20d?ixlib=rb-1.2.1&ixid=MnwxMjA3fDB8MHxzZWFyY2h8MTZ8fGJhbGxvb25zfGVufDB8fDB8fA%3D%3D&auto=format&fit=crop&w=800&q=60",
    "category": "Deluxe",
    "color": "Yellow",
    "manufacturer": "Universal Balloons, Inc.",
    "material": "Mylar",
    "size": "XX-Large",
    "unitPrice": 90.56036753634993,
    "quantityInStock": 8406
  },
  {
    "productName": "Graduation Arrangement",
    "productID": "ID_U20APELP",
    "imageURL": "https://images.unsplash.com/photo-1525268771113-32d9e9021a97?ixid=MnwxMjA3fDB8MHxzZWFyY2h8N3x8YmFsbG9vbnN8ZW58MHx8MHx8&ixlib=rb-1.2.1&auto=format&fit=crop&w=800&q=60",
    "category": "Standard",
    "color": "Silver",
    "manufacturer": "Universal Balloons, Inc.",
    "material": "Latex",
    "size": "XX-Large",
    "unitPrice": 85.24153556007359,
    "quantityInStock": 3493
  },
  {
    "productName": "Eid Arrangement",
    "productID": "ID_YEP9WLGY",
    "imageURL": "https://images.unsplash.com/photo-1525268771113-32d9e9021a97?ixid=MnwxMjA3fDB8MHxzZWFyY2h8N3x8YmFsbG9vbnN8ZW58MHx8MHx8&ixlib=rb-1.2.1&auto=format&fit=crop&w=800&q=60",
    "category": "Economy",
    "color": "Purple",
    "manufacturer": "Higher than a Kite, Co.",
    "material": "Mylar",
    "size": "Medium",
    "unitPrice": 67.36737577494868,
    "quantityInStock": 225
  },
  {
    "productName": "Eid Arrangement",
    "productID": "ID_704Y56AL",
    "imageURL": "https://images.unsplash.com/photo-1600677146221-833ea0eff4e3?ixid=MnwxMjA3fDB8MHxzZWFyY2h8NzN8fGJhbGxvb25zfGVufDB8fDB8fA%3D%3D&ixlib=rb-1.2.1&auto=format&fit=crop&w=800&q=60",
    "category": "Standard",
    "color": "Blue",
    "manufacturer": "Higher than a Kite, Co.",
    "material": "Mylar",
    "size": "Small",
    "unitPrice": 97.60829487295248,
    "quantityInStock": 8642
  },
  {
    "productName": "Retirement Arrangement",
    "productID": "ID_UAP7H75L",
    "imageURL": "https://images.unsplash.com/photo-1600677146221-833ea0eff4e3?ixid=MnwxMjA3fDB8MHxzZWFyY2h8NzN8fGJhbGxvb25zfGVufDB8fDB8fA%3D%3D&ixlib=rb-1.2.1&auto=format&fit=crop&w=800&q=60",
    "category": "Standard",
    "color": "Orange/Purple",
    "manufacturer": "Universal Balloons, Inc.",
    "material": "Mylar",
    "size": "Small",
    "unitPrice": 97.13810936364501,
    "quantityInStock": 1048
  },
  {
    "productName": "Birthday Boy",
    "productID": "ID_13W4XPKD",
    "imageURL": "https://images.unsplash.com/photo-1604080907141-8476a60708dc?ixid=MnwxMjA3fDB8MHxzZWFyY2h8MjB8fGJhbGxvb25zfGVufDB8fDB8fA%3D%3D&ixlib=rb-1.2.1&auto=format&fit=crop&w=800&q=60",
    "category": "Deluxe",
    "color": "Red/White/Blue",
    "manufacturer": "BlowEmUp, Ltd.",
    "material": "Mylar",
    "size": "Small",
    "unitPrice": 47.00781465389615,
    "quantityInStock": 995
  },
  {
    "productName": "Birthday Girl",
    "productID": "ID_WWU5OW1Z",
    "imageURL": "https://images.unsplash.com/photo-1572355286138-8dae8e7ba20d?ixlib=rb-1.2.1&ixid=MnwxMjA3fDB8MHxzZWFyY2h8MTZ8fGJhbGxvb25zfGVufDB8fDB8fA%3D%3D&auto=format&fit=crop&w=800&q=60",
    "category": "Standard",
    "color": "Orange",
    "manufacturer": "US Gasbags",
    "material": "Vinyl",
    "size": "Large",
    "unitPrice": 24.05862127031292,
    "quantityInStock": 6098
  },
  {
    "productName": "Balloon Column",
    "productID": "ID_NF7FSW46",
    "imageURL": "https://images.unsplash.com/photo-1572355286138-8dae8e7ba20d?ixlib=rb-1.2.1&ixid=MnwxMjA3fDB8MHxzZWFyY2h8MTZ8fGJhbGxvb25zfGVufDB8fDB8fA%3D%3D&auto=format&fit=crop&w=800&q=60",
    "category": "Standard",
    "color": "Red",
    "manufacturer": "US Gasbags",
    "material": "Vinyl",
    "size": "Large",
    "unitPrice": 81.76096858599855,
    "quantityInStock": 2376
  },
  {
    "productName": "Birthday Boy",
    "productID": "ID_LA96SFRE",
    "imageURL": "https://source.unsplash.com/user/c_v_r/200x200",
    "category": "Deluxe",
    "color": "Orange/Purple",
    "manufacturer": "US Gasbags",
    "material": "Vinyl",
    "size": "X-Large",
    "unitPrice": 67.75484828063523,
    "quantityInStock": 457
  },
  {
    "productName": "Birthday Girl",
    "productID": "ID_UYYPCD0I",
    "imageURL": "https://images.unsplash.com/photo-1504196606672-aef5c9cefc92?ixid=MnwxMjA3fDB8MHxzZWFyY2h8MTR8fGJhbGxvb25zfGVufDB8fDB8fA%3D%3D&ixlib=rb-1.2.1&auto=format&fit=crop&w=800&q=60",
    "category": "Deluxe",
    "color": "Green",
    "manufacturer": "Riesenballon Gesellschaft",
    "material": "Mylar",
    "size": "Medium",
    "unitPrice": 52.3604498401769,
    "quantityInStock": 6128
  },
  {
    "productName": "Balloon Umbrella",
    "productID": "ID_P6UFFWQD",
    "imageURL": "https://images.unsplash.com/photo-1611142287927-64cede3148da?ixid=MnwxMjA3fDB8MHxzZWFyY2h8MTV8fGJhbGxvb25zfGVufDB8fDB8fA%3D%3D&ixlib=rb-1.2.1&auto=format&fit=crop&w=800&q=60",
    "category": "Standard",
    "color": "Orange/Black",
    "manufacturer": "BlowEmUp, Ltd.",
    "material": "Latex",
    "size": "Medium",
    "unitPrice": 71.99746836605563,
    "quantityInStock": 4071
  },
  {
    "productName": "Balloon Column",
    "productID": "ID_RUWRC1HT",
    "imageURL": "https://images.unsplash.com/photo-1530103862676-de8c9debad1d?ixlib=rb-1.2.1&ixid=MnwxMjA3fDB8MHxzZWFyY2h8OXx8YmFsbG9vbnN8ZW58MHx8MHx8&auto=format&fit=crop&w=800&q=60",
    "category": "Industrial",
    "color": "Orange",
    "manufacturer": "Riesenballon Gesellschaft",
    "material": "Mylar",
    "size": "Large",
    "unitPrice": 47.42187659299677,
    "quantityInStock": 8645
  },
  {
    "productName": "Balloon Umbrella",
    "productID": "ID_93BAELII",
    "imageURL": "https://images.unsplash.com/photo-1554400928-c233e2fc4d7a?ixid=MnwxMjA3fDB8MHxzZWFyY2h8MjV8fGJhbGxvb25zfGVufDB8fDB8fA%3D%3D&ixlib=rb-1.2.1&auto=format&fit=crop&w=800&q=60",
    "category": "Deluxe",
    "color": "Random Mix",
    "manufacturer": "BlowEmUp, Ltd.",
    "material": "Vinyl",
    "size": "Medium",
    "unitPrice": 24.221766084564226,
    "quantityInStock": 3128
  },
  {
    "productName": "Hannukah Arrangement",
    "productID": "ID_LJC35LN9",
    "imageURL": "https://images.unsplash.com/photo-1604080907141-8476a60708dc?ixid=MnwxMjA3fDB8MHxzZWFyY2h8MjB8fGJhbGxvb25zfGVufDB8fDB8fA%3D%3D&ixlib=rb-1.2.1&auto=format&fit=crop&w=800&q=60",
    "category": "Industrial",
    "color": "Pink",
    "manufacturer": "Higher than a Kite, Co.",
    "material": "Vinyl",
    "size": "XX-Large",
    "unitPrice": 44.302473415492194,
    "quantityInStock": 9428
  },
  {
    "productName": "Wedding Arrangement",
    "productID": "ID_UZ1Q0EQK",
    "imageURL": "https://images.unsplash.com/photo-1479750178258-aec5879046ce?ixid=MnwxMjA3fDB8MHxzZWFyY2h8MzR8fGJhbGxvb25zfGVufDB8fDB8fA%3D%3D&ixlib=rb-1.2.1&auto=format&fit=crop&w=800&q=60",
    "category": "Deluxe",
    "color": "Blue",
    "manufacturer": "Higher than a Kite, Co.",
    "material": "Vinyl",
    "size": "Medium",
    "unitPrice": 55.128900429908406,
    "quantityInStock": 6829
  },
  {
    "productName": "Balloon Column",
    "productID": "ID_KTA2B9SE",
    "imageURL": "https://images.unsplash.com/photo-1554719956-5c151ab80680?ixid=MnwxMjA3fDB8MHxwaG90by1wYWdlfHx8fGVufDB8fHx8&ixlib=rb-1.2.1&auto=format&fit=crop&w=1287&q=80",
    "category": "Standard",
    "color": "Silver",
    "manufacturer": "Riesenballon Gesellschaft",
    "material": "Mylar",
    "size": "Medium",
    "unitPrice": 68.40910379597145,
    "quantityInStock": 6456
  },
  {
    "productName": "Eid Arrangement",
    "productID": "ID_1P83KYFN",
    "imageURL": "https://images.unsplash.com/photo-1560128411-79892dd93bf8?ixlib=rb-1.2.1&ixid=MnwxMjA3fDB8MHxzZWFyY2h8Mzl8fGJhbGxvb25zfGVufDB8fDB8fA%3D%3D&auto=format&fit=crop&w=800&q=60",
    "category": "Industrial",
    "color": "Red/White/Blue",
    "manufacturer": "Universal Balloons, Inc.",
    "material": "Vinyl",
    "size": "X-Large",
    "unitPrice": 80.51307978477992,
    "quantityInStock": 2938
  },
  {
    "productName": "Balloon Column",
    "productID": "ID_31YMRZK5",
    "imageURL": "https://images.unsplash.com/photo-1615721383885-a969b63d708f?ixid=MnwxMjA3fDB8MHxzZWFyY2h8NDV8fGJhbGxvb25zfGVufDB8fDB8fA%3D%3D&ixlib=rb-1.2.1&auto=format&fit=crop&w=800&q=60",
    "category": "Deluxe",
    "color": "Purple",
    "manufacturer": "Universal Balloons, Inc.",
    "material": "Vinyl",
    "size": "Large",
    "unitPrice": 18.363633614616603,
    "quantityInStock": 1128
  },
  {
    "productName": "Eid Arrangement",
    "productID": "ID_29RLHGD2",
    "imageURL": "https://images.unsplash.com/photo-1479750178258-aec5879046ce?ixid=MnwxMjA3fDB8MHxzZWFyY2h8MzR8fGJhbGxvb25zfGVufDB8fDB8fA%3D%3D&ixlib=rb-1.2.1&auto=format&fit=crop&w=800&q=60",
    "category": "Standard",
    "color": "Purple",
    "manufacturer": "Riesenballon Gesellschaft",
    "material": "Latex",
    "size": "X-Large",
    "unitPrice": 11.61186018302102,
    "quantityInStock": 7072
  },
  {
    "productName": "Balloon Kite",
    "productID": "ID_93WY22Y1",
    "imageURL": "https://images.unsplash.com/photo-1615721383885-a969b63d708f?ixid=MnwxMjA3fDB8MHxzZWFyY2h8NDV8fGJhbGxvb25zfGVufDB8fDB8fA%3D%3D&ixlib=rb-1.2.1&auto=format&fit=crop&w=800&q=60",
    "category": "Industrial",
    "color": "Purple",
    "manufacturer": "BlowEmUp, Ltd.",
    "material": "Mylar",
    "size": "Medium",
    "unitPrice": 4.452648060270613,
    "quantityInStock": 169
  },
  {
    "productName": "Balloon Column",
    "productID": "ID_4AX4C12T",
    "imageURL": "https://images.unsplash.com/photo-1611142287927-64cede3148da?ixid=MnwxMjA3fDB8MHxzZWFyY2h8MTV8fGJhbGxvb25zfGVufDB8fDB8fA%3D%3D&ixlib=rb-1.2.1&auto=format&fit=crop&w=800&q=60",
    "category": "Standard",
    "color": "Purple",
    "manufacturer": "Universal Balloons, Inc.",
    "material": "Mylar",
    "size": "Medium",
    "unitPrice": 6.228784978742637,
    "quantityInStock": 9899
  },
  {
    "productName": "Eid Arrangement",
    "productID": "ID_LZDOQBQZ",
    "imageURL": "https://images.unsplash.com/photo-1592090859069-ca2d4381b422?ixid=MnwxMjA3fDB8MHxzZWFyY2h8NzZ8fGJhbGxvb25zfGVufDB8fDB8fA%3D%3D&ixlib=rb-1.2.1&auto=format&fit=crop&w=800&q=60",
    "category": "Standard",
    "color": "Gold",
    "manufacturer": "US Gasbags",
    "material": "Mylar",
    "size": "Small",
    "unitPrice": 40.22514883282827,
    "quantityInStock": 7259
  },
  {
    "productName": "Balloon Umbrella",
    "productID": "ID_V74RD2GJ",
    "imageURL": "https://images.unsplash.com/photo-1504196606672-aef5c9cefc92?ixid=MnwxMjA3fDB8MHxzZWFyY2h8MTR8fGJhbGxvb25zfGVufDB8fDB8fA%3D%3D&ixlib=rb-1.2.1&auto=format&fit=crop&w=800&q=60",
    "category": "Industrial",
    "color": "White",
    "manufacturer": "Riesenballon Gesellschaft",
    "material": "Vinyl",
    "size": "X-Large",
    "unitPrice": 33.08709030862267,
    "quantityInStock": 9954
  },
  {
    "productName": "Balloon Kite",
    "productID": "ID_LU02XDJ1",
    "imageURL": "https://images.unsplash.com/photo-1592845571343-2f08af4ba028?ixid=MnwxMjA3fDB8MHxzZWFyY2h8NjN8fGJhbGxvb25zfGVufDB8fDB8fA%3D%3D&ixlib=rb-1.2.1&auto=format&fit=crop&w=800&q=60",
    "category": "Deluxe",
    "color": "White/Black",
    "manufacturer": "BlowEmUp, Ltd.",
    "material": "Vinyl",
    "size": "Medium",
    "unitPrice": 45.241958505742474,
    "quantityInStock": 9565
  },
  {
    "productName": "Balloon Tree",
    "productID": "ID_GDT819I0",
    "imageURL": "https://images.unsplash.com/photo-1592845571343-2f08af4ba028?ixid=MnwxMjA3fDB8MHxzZWFyY2h8NjN8fGJhbGxvb25zfGVufDB8fDB8fA%3D%3D&ixlib=rb-1.2.1&auto=format&fit=crop&w=800&q=60",
    "category": "Economy",
    "color": "White",
    "manufacturer": "Riesenballon Gesellschaft",
    "material": "Latex",
    "size": "Large",
    "unitPrice": 87.27272771036553,
    "quantityInStock": 8945
  },
  {
    "productName": "Retirement Arrangement",
    "productID": "ID_KEZRB5CL",
    "imageURL": "https://source.unsplash.com/user/c_v_r/200x200",
    "category": "Economy",
    "color": "White",
    "manufacturer": "BlowEmUp, Ltd.",
    "material": "Mylar",
    "size": "X-Large",
    "unitPrice": 17.535796633288662,
    "quantityInStock": 9001
  },
  {
    "productName": "Retirement Arrangement",
    "productID": "ID_HV3FOZC8",
    "imageURL": "https://images.unsplash.com/photo-1615721383885-a969b63d708f?ixid=MnwxMjA3fDB8MHxzZWFyY2h8NDV8fGJhbGxvb25zfGVufDB8fDB8fA%3D%3D&ixlib=rb-1.2.1&auto=format&fit=crop&w=800&q=60",
    "category": "Standard",
    "color": "Red",
    "manufacturer": "BlowEmUp, Ltd.",
    "material": "Latex",
    "size": "Large",
    "unitPrice": 22.788616090726904,
    "quantityInStock": 1411
  },
  {
    "productName": "Birthday Boy",
    "productID": "ID_KRDUT7LR",
    "imageURL": "https://images.unsplash.com/photo-1572355286138-8dae8e7ba20d?ixlib=rb-1.2.1&ixid=MnwxMjA3fDB8MHxzZWFyY2h8MTZ8fGJhbGxvb25zfGVufDB8fDB8fA%3D%3D&auto=format&fit=crop&w=800&q=60",
    "category": "Economy",
    "color": "Rainbow",
    "manufacturer": "US Gasbags",
    "material": "Mylar",
    "size": "Small",
    "unitPrice": 85.81202319477495,
    "quantityInStock": 8102
  },
  {
    "productName": "Wedding Arrangement",
    "productID": "ID_1JJ8Z6IC",
    "imageURL": "https://images.unsplash.com/photo-1600677146221-833ea0eff4e3?ixid=MnwxMjA3fDB8MHxzZWFyY2h8NzN8fGJhbGxvb25zfGVufDB8fDB8fA%3D%3D&ixlib=rb-1.2.1&auto=format&fit=crop&w=800&q=60",
    "category": "Economy",
    "color": "Purple",
    "manufacturer": "Universal Balloons, Inc.",
    "material": "Vinyl",
    "size": "Large",
    "unitPrice": 95.32994607019101,
    "quantityInStock": 1218
  },
  {
    "productName": "Balloon Column",
    "productID": "ID_R37XG4RW",
    "imageURL": "https://picsum.photos/200",
    "category": "Economy",
    "color": "Pink",
    "manufacturer": "Higher than a Kite, Co.",
    "material": "Latex",
    "size": "Large",
    "unitPrice": 79.19768494413485,
    "quantityInStock": 3167
  },
  {
    "productName": "Balloon Column",
    "productID": "ID_RRX97FCM",
    "imageURL": "https://images.unsplash.com/photo-1600677146221-833ea0eff4e3?ixid=MnwxMjA3fDB8MHxzZWFyY2h8NzN8fGJhbGxvb25zfGVufDB8fDB8fA%3D%3D&ixlib=rb-1.2.1&auto=format&fit=crop&w=800&q=60",
    "category": "Standard",
    "color": "Red/Yellow/Blue",
    "manufacturer": "US Gasbags",
    "material": "Mylar",
    "size": "Large",
    "unitPrice": 94.82892499488095,
    "quantityInStock": 5946
  },
  {
    "productName": "Eid Arrangement",
    "productID": "ID_WXIBTV3F",
    "imageURL": "https://picsum.photos/200",
    "category": "Deluxe",
    "color": "Pink",
    "manufacturer": "Universal Balloons, Inc.",
    "material": "Vinyl",
    "size": "XX-Large",
    "unitPrice": 6.496658429403673,
    "quantityInStock": 7248
  },
  {
    "productName": "Birthday Girl",
    "productID": "ID_XGV6ND82",
    "imageURL": "https://picsum.photos/200",
    "category": "Deluxe",
    "color": "Black",
    "manufacturer": "Universal Balloons, Inc.",
    "material": "Latex",
    "size": "X-Large",
    "unitPrice": 27.69298841936643,
    "quantityInStock": 6635
  },
  {
    "productName": "Patriotic Arrangement",
    "productID": "ID_LNE9Q11X",
    "imageURL": "https://images.unsplash.com/photo-1615721383885-a969b63d708f?ixid=MnwxMjA3fDB8MHxzZWFyY2h8NDV8fGJhbGxvb25zfGVufDB8fDB8fA%3D%3D&ixlib=rb-1.2.1&auto=format&fit=crop&w=800&q=60",
    "category": "Industrial",
    "color": "Orange/Purple",
    "manufacturer": "US Gasbags",
    "material": "Latex",
    "size": "Small",
    "unitPrice": 50.67529527370109,
    "quantityInStock": 379
  },
  {
    "productName": "Birthday Boy",
    "productID": "ID_U9LQOCY3",
    "imageURL": "https://images.unsplash.com/photo-1592090859069-ca2d4381b422?ixid=MnwxMjA3fDB8MHxzZWFyY2h8NzZ8fGJhbGxvb25zfGVufDB8fDB8fA%3D%3D&ixlib=rb-1.2.1&auto=format&fit=crop&w=800&q=60",
    "category": "Standard",
    "color": "Yellow",
    "manufacturer": "US Gasbags",
    "material": "Vinyl",
    "size": "X-Large",
    "unitPrice": 60.11472984958856,
    "quantityInStock": 5726
  },
  {
    "productName": "Balloon Bouquet",
    "productID": "ID_G42G284X",
    "imageURL": "https://images.unsplash.com/photo-1560128411-79892dd93bf8?ixlib=rb-1.2.1&ixid=MnwxMjA3fDB8MHxzZWFyY2h8Mzl8fGJhbGxvb25zfGVufDB8fDB8fA%3D%3D&auto=format&fit=crop&w=800&q=60",
    "category": "Deluxe",
    "color": "Gold",
    "manufacturer": "Higher than a Kite, Co.",
    "material": "Mylar",
    "size": "XX-Large",
    "unitPrice": 34.25122475142047,
    "quantityInStock": 2430
  },
  {
    "productName": "Eid Arrangement",
    "productID": "ID_0BTVVC6Y",
    "imageURL": "https://images.unsplash.com/photo-1572355286138-8dae8e7ba20d?ixlib=rb-1.2.1&ixid=MnwxMjA3fDB8MHxzZWFyY2h8MTZ8fGJhbGxvb25zfGVufDB8fDB8fA%3D%3D&auto=format&fit=crop&w=800&q=60",
    "category": "Economy",
    "color": "Blue",
    "manufacturer": "BlowEmUp, Ltd.",
    "material": "Vinyl",
    "size": "Medium",
    "unitPrice": 69.54950532551473,
    "quantityInStock": 1101
  },
  {
    "productName": "Christmas Arrangement",
    "productID": "ID_O0ZSZYBX",
    "imageURL": "https://images.unsplash.com/photo-1592090859069-ca2d4381b422?ixid=MnwxMjA3fDB8MHxzZWFyY2h8NzZ8fGJhbGxvb25zfGVufDB8fDB8fA%3D%3D&ixlib=rb-1.2.1&auto=format&fit=crop&w=800&q=60",
    "category": "Standard",
    "color": "White",
    "manufacturer": "US Gasbags",
    "material": "Vinyl",
    "size": "Small",
    "unitPrice": 89.7426943958626,
    "quantityInStock": 2054
  },
  {
    "productName": "Balloon Column",
    "productID": "ID_B3QSXPTX",
    "imageURL": "https://images.unsplash.com/photo-1554400928-c233e2fc4d7a?ixid=MnwxMjA3fDB8MHxzZWFyY2h8MjV8fGJhbGxvb25zfGVufDB8fDB8fA%3D%3D&ixlib=rb-1.2.1&auto=format&fit=crop&w=800&q=60",
    "category": "Standard",
    "color": "Silver",
    "manufacturer": "BlowEmUp, Ltd.",
    "material": "Mylar",
    "size": "XX-Large",
    "unitPrice": 44.18745671438236,
    "quantityInStock": 6294
  },
  {
    "productName": "Hannukah Arrangement",
    "productID": "ID_EP1PJV9J",
    "imageURL": "https://images.unsplash.com/photo-1554400928-c233e2fc4d7a?ixid=MnwxMjA3fDB8MHxzZWFyY2h8MjV8fGJhbGxvb25zfGVufDB8fDB8fA%3D%3D&ixlib=rb-1.2.1&auto=format&fit=crop&w=800&q=60",
    "category": "Standard",
    "color": "White/Black",
    "manufacturer": "Higher than a Kite, Co.",
    "material": "Mylar",
    "size": "Medium",
    "unitPrice": 94.36106060762529,
    "quantityInStock": 8873
  },
  {
    "productName": "Get Well Arrangement",
    "productID": "ID_VAQLWWSH",
    "imageURL": "https://images.unsplash.com/photo-1529153856829-f8c6aeee2e48?ixid=MnwxMjA3fDB8MHxzZWFyY2h8MjZ8fGJhbGxvb25zfGVufDB8fDB8fA%3D%3D&ixlib=rb-1.2.1&auto=format&fit=crop&w=800&q=60",
    "category": "Standard",
    "color": "Green",
    "manufacturer": "US Gasbags",
    "material": "Mylar",
    "size": "Large",
    "unitPrice": 53.472200187468154,
    "quantityInStock": 5097
  },
  {
    "productName": "Retirement Arrangement",
    "productID": "ID_TUBZ3TBC",
    "imageURL": "https://images.unsplash.com/photo-1529153856829-f8c6aeee2e48?ixid=MnwxMjA3fDB8MHxzZWFyY2h8MjZ8fGJhbGxvb25zfGVufDB8fDB8fA%3D%3D&ixlib=rb-1.2.1&auto=format&fit=crop&w=800&q=60",
    "category": "Industrial",
    "color": "Blue",
    "manufacturer": "Riesenballon Gesellschaft",
    "material": "Latex",
    "size": "Medium",
    "unitPrice": 70.53038634159009,
    "quantityInStock": 3324
  },
  {
    "productName": "Balloon Umbrella",
    "productID": "ID_MG52EJRH",
    "imageURL": "https://images.unsplash.com/photo-1504196606672-aef5c9cefc92?ixid=MnwxMjA3fDB8MHxzZWFyY2h8MTR8fGJhbGxvb25zfGVufDB8fDB8fA%3D%3D&ixlib=rb-1.2.1&auto=format&fit=crop&w=800&q=60",
    "category": "Deluxe",
    "color": "Red/White/Blue",
    "manufacturer": "Riesenballon Gesellschaft",
    "material": "Mylar",
    "size": "Large",
    "unitPrice": 17.026410590222802,
    "quantityInStock": 768
  },
  {
    "productName": "Balloon Kite",
    "productID": "ID_G6ZWL0YK",
    "imageURL": "https://images.unsplash.com/photo-1525268771113-32d9e9021a97?ixid=MnwxMjA3fDB8MHxzZWFyY2h8N3x8YmFsbG9vbnN8ZW58MHx8MHx8&ixlib=rb-1.2.1&auto=format&fit=crop&w=800&q=60",
    "category": "Economy",
    "color": "White",
    "manufacturer": "Higher than a Kite, Co.",
    "material": "Vinyl",
    "size": "Large",
    "unitPrice": 87.31889547207659,
    "quantityInStock": 3702
  },
  {
    "productName": "Balloon Kite",
    "productID": "ID_98GKF08A",
    "imageURL": "https://images.unsplash.com/photo-1600677146221-833ea0eff4e3?ixid=MnwxMjA3fDB8MHxzZWFyY2h8NzN8fGJhbGxvb25zfGVufDB8fDB8fA%3D%3D&ixlib=rb-1.2.1&auto=format&fit=crop&w=800&q=60",
    "category": "Economy",
    "color": "Red",
    "manufacturer": "Higher than a Kite, Co.",
    "material": "Mylar",
    "size": "Small",
    "unitPrice": 62.391255781754026,
    "quantityInStock": 6029
  },
  {
    "productName": "Balloon Column",
    "productID": "ID_MABPNZZS",
    "imageURL": "https://images.unsplash.com/photo-1600677146221-833ea0eff4e3?ixid=MnwxMjA3fDB8MHxzZWFyY2h8NzN8fGJhbGxvb25zfGVufDB8fDB8fA%3D%3D&ixlib=rb-1.2.1&auto=format&fit=crop&w=800&q=60",
    "category": "Standard",
    "color": "Green",
    "manufacturer": "BlowEmUp, Ltd.",
    "material": "Vinyl",
    "size": "Large",
    "unitPrice": 20.13172760739468,
    "quantityInStock": 3932
  },
  {
    "productName": "Wedding Arrangement",
    "productID": "ID_0EZG2MVS",
    "imageURL": "https://images.unsplash.com/photo-1530103862676-de8c9debad1d?ixlib=rb-1.2.1&ixid=MnwxMjA3fDB8MHxzZWFyY2h8OXx8YmFsbG9vbnN8ZW58MHx8MHx8&auto=format&fit=crop&w=800&q=60",
    "category": "Standard",
    "color": "Red/White/Blue",
    "manufacturer": "US Gasbags",
    "material": "Latex",
    "size": "Medium",
    "unitPrice": 66.1296009385239,
    "quantityInStock": 498
  },
  {
    "productName": "Birthday Girl",
    "productID": "ID_1HEKA330",
    "imageURL": "https://images.unsplash.com/photo-1530103862676-de8c9debad1d?ixlib=rb-1.2.1&ixid=MnwxMjA3fDB8MHxzZWFyY2h8OXx8YmFsbG9vbnN8ZW58MHx8MHx8&auto=format&fit=crop&w=800&q=60",
    "category": "Standard",
    "color": "Rainbow",
    "manufacturer": "BlowEmUp, Ltd.",
    "material": "Latex",
    "size": "X-Large",
    "unitPrice": 0.8371510883485516,
    "quantityInStock": 5679
  },
  {
    "productName": "Patriotic Arrangement",
    "productID": "ID_ALEZUWSP",
    "imageURL": "https://images.unsplash.com/photo-1560128411-79892dd93bf8?ixlib=rb-1.2.1&ixid=MnwxMjA3fDB8MHxzZWFyY2h8Mzl8fGJhbGxvb25zfGVufDB8fDB8fA%3D%3D&auto=format&fit=crop&w=800&q=60",
    "category": "Industrial",
    "color": "Orange",
    "manufacturer": "Universal Balloons, Inc.",
    "material": "Vinyl",
    "size": "Small",
    "unitPrice": 20.537089201188497,
    "quantityInStock": 5603
  },
  {
    "productName": "Graduation Arrangement",
    "productID": "ID_SQRYPT4P",
    "imageURL": "https://picsum.photos/200",
    "category": "Standard",
    "color": "Yellow",
    "manufacturer": "US Gasbags",
    "material": "Latex",
    "size": "Medium",
    "unitPrice": 64.84427003920361,
    "quantityInStock": 2397
  },
  {
    "productName": "Retirement Arrangement",
    "productID": "ID_D9H5ONC1",
    "imageURL": "https://images.unsplash.com/photo-1592845571343-2f08af4ba028?ixid=MnwxMjA3fDB8MHxzZWFyY2h8NjN8fGJhbGxvb25zfGVufDB8fDB8fA%3D%3D&ixlib=rb-1.2.1&auto=format&fit=crop&w=800&q=60",
    "category": "Standard",
    "color": "Silver",
    "manufacturer": "BlowEmUp, Ltd.",
    "material": "Latex",
    "size": "Medium",
    "unitPrice": 44.14135339449846,
    "quantityInStock": 6333
  },
  {
    "productName": "Balloon Umbrella",
    "productID": "ID_XMG8CXAH",
    "imageURL": "https://images.unsplash.com/photo-1600677146221-833ea0eff4e3?ixid=MnwxMjA3fDB8MHxzZWFyY2h8NzN8fGJhbGxvb25zfGVufDB8fDB8fA%3D%3D&ixlib=rb-1.2.1&auto=format&fit=crop&w=800&q=60",
    "category": "Economy",
    "color": "Orange/Black",
    "manufacturer": "US Gasbags",
    "material": "Latex",
    "size": "Small",
    "unitPrice": 3.4507572092076697,
    "quantityInStock": 6274
  },
  {
    "productName": "Good Luck Arrangement",
    "productID": "ID_7X4KKUBJ",
    "imageURL": "https://images.unsplash.com/photo-1615721383885-a969b63d708f?ixid=MnwxMjA3fDB8MHxzZWFyY2h8NDV8fGJhbGxvb25zfGVufDB8fDB8fA%3D%3D&ixlib=rb-1.2.1&auto=format&fit=crop&w=800&q=60",
    "category": "Standard",
    "color": "Red/Yellow/Blue",
    "manufacturer": "Riesenballon Gesellschaft",
    "material": "Vinyl",
    "size": "Large",
    "unitPrice": 69.16540349216251,
    "quantityInStock": 4072
  },
  {
    "productName": "Christmas Arrangement",
    "productID": "ID_RX93FHP1",
    "imageURL": "https://images.unsplash.com/photo-1554400928-c233e2fc4d7a?ixid=MnwxMjA3fDB8MHxzZWFyY2h8MjV8fGJhbGxvb25zfGVufDB8fDB8fA%3D%3D&ixlib=rb-1.2.1&auto=format&fit=crop&w=800&q=60",
    "category": "Deluxe",
    "color": "Orange/Purple",
    "manufacturer": "Universal Balloons, Inc.",
    "material": "Mylar",
    "size": "Medium",
    "unitPrice": 20.098153320684325,
    "quantityInStock": 1283
  },
  {
    "productName": "Patriotic Arrangement",
    "productID": "ID_7C921WDC",
    "imageURL": "https://images.unsplash.com/photo-1592845571343-2f08af4ba028?ixid=MnwxMjA3fDB8MHxzZWFyY2h8NjN8fGJhbGxvb25zfGVufDB8fDB8fA%3D%3D&ixlib=rb-1.2.1&auto=format&fit=crop&w=800&q=60",
    "category": "Economy",
    "color": "Purple",
    "manufacturer": "US Gasbags",
    "material": "Vinyl",
    "size": "Small",
    "unitPrice": 83.86407260618702,
    "quantityInStock": 2477
  },
  {
    "productName": "Patriotic Arrangement",
    "productID": "ID_7VHAGMSB",
    "imageURL": "https://images.unsplash.com/photo-1604080907141-8476a60708dc?ixid=MnwxMjA3fDB8MHxzZWFyY2h8MjB8fGJhbGxvb25zfGVufDB8fDB8fA%3D%3D&ixlib=rb-1.2.1&auto=format&fit=crop&w=800&q=60",
    "category": "Industrial",
    "color": "Red/White/Blue",
    "manufacturer": "US Gasbags",
    "material": "Mylar",
    "size": "Medium",
    "unitPrice": 36.65088545331943,
    "quantityInStock": 5651
  },
  {
    "productName": "Balloon Tree",
    "productID": "ID_8FU775KU",
    "imageURL": "https://images.unsplash.com/photo-1550850395-c17a8e90ad0a?ixid=MnwxMjA3fDB8MHxzZWFyY2h8Mnx8YmFsbG9vbnN8ZW58MHx8MHx8&ixlib=rb-1.2.1&auto=format&fit=crop&w=800&q=60",
    "category": "Standard",
    "color": "Black",
    "manufacturer": "Universal Balloons, Inc.",
    "material": "Mylar",
    "size": "XX-Large",
    "unitPrice": 5.573634226636705,
    "quantityInStock": 2333
  },
  {
    "productName": "Christmas Arrangement",
    "productID": "ID_1UC3O4J0",
    "imageURL": "https://images.unsplash.com/photo-1572355286138-8dae8e7ba20d?ixlib=rb-1.2.1&ixid=MnwxMjA3fDB8MHxzZWFyY2h8MTZ8fGJhbGxvb25zfGVufDB8fDB8fA%3D%3D&auto=format&fit=crop&w=800&q=60",
    "category": "Economy",
    "color": "Orange/Black",
    "manufacturer": "Riesenballon Gesellschaft",
    "material": "Latex",
    "size": "Small",
    "unitPrice": 7.219470495389769,
    "quantityInStock": 9744
  },
  {
    "productName": "Hannukah Arrangement",
    "productID": "ID_JQ4SJKI6",
    "imageURL": "https://source.unsplash.com/user/c_v_r/200x200",
    "category": "Deluxe",
    "color": "White/Black",
    "manufacturer": "Universal Balloons, Inc.",
    "material": "Vinyl",
    "size": "Medium",
    "unitPrice": 66.17032782407973,
    "quantityInStock": 4084
  },
  {
    "productName": "Get Well Arrangement",
    "productID": "ID_MQKULVAJ",
    "imageURL": "https://source.unsplash.com/user/c_v_r/200x200",
    "category": "Deluxe",
    "color": "Red",
    "manufacturer": "BlowEmUp, Ltd.",
    "material": "Vinyl",
    "size": "X-Large",
    "unitPrice": 40.52737930371637,
    "quantityInStock": 5362
  },
  {
    "productName": "Balloon Arch",
    "productID": "ID_JQJC2FUO",
    "imageURL": "https://source.unsplash.com/user/c_v_r/200x200",
    "category": "Industrial",
    "color": "White",
    "manufacturer": "Higher than a Kite, Co.",
    "material": "Vinyl",
    "size": "Large",
    "unitPrice": 21.20383673093268,
    "quantityInStock": 9484
  },
  {
    "productName": "Wedding Arrangement",
    "productID": "ID_IJV7EF3U",
    "imageURL": "https://images.unsplash.com/photo-1554719956-5c151ab80680?ixid=MnwxMjA3fDB8MHxwaG90by1wYWdlfHx8fGVufDB8fHx8&ixlib=rb-1.2.1&auto=format&fit=crop&w=1287&q=80",
    "category": "Industrial",
    "color": "White",
    "manufacturer": "Riesenballon Gesellschaft",
    "material": "Mylar",
    "size": "Medium",
    "unitPrice": 27.691416325519913,
    "quantityInStock": 1803
  },
  {
    "productName": "Balloon Tree",
    "productID": "ID_0C25E4NG",
    "imageURL": "https://source.unsplash.com/user/c_v_r/200x200",
    "category": "Standard",
    "color": "Black",
    "manufacturer": "Higher than a Kite, Co.",
    "material": "Latex",
    "size": "Medium",
    "unitPrice": 88.4971230236977,
    "quantityInStock": 2470
  },
  {
    "productName": "Balloon Arch",
    "productID": "ID_KHY4V2P9",
    "imageURL": "https://images.unsplash.com/photo-1554400928-c233e2fc4d7a?ixid=MnwxMjA3fDB8MHxzZWFyY2h8MjV8fGJhbGxvb25zfGVufDB8fDB8fA%3D%3D&ixlib=rb-1.2.1&auto=format&fit=crop&w=800&q=60",
    "category": "Standard",
    "color": "Yellow",
    "manufacturer": "BlowEmUp, Ltd.",
    "material": "Vinyl",
    "size": "XX-Large",
    "unitPrice": 10.447121443870266,
    "quantityInStock": 1312
  },
  {
    "productName": "Get Well Arrangement",
    "productID": "ID_GKCEA9C4",
    "imageURL": "https://picsum.photos/200",
    "category": "Standard",
    "color": "Red",
    "manufacturer": "Higher than a Kite, Co.",
    "material": "Vinyl",
    "size": "Small",
    "unitPrice": 43.65112995285664,
    "quantityInStock": 8344
  },
  {
    "productName": "Wedding Arrangement",
    "productID": "ID_1R7FERWM",
    "imageURL": "https://images.unsplash.com/photo-1592845571343-2f08af4ba028?ixid=MnwxMjA3fDB8MHxzZWFyY2h8NjN8fGJhbGxvb25zfGVufDB8fDB8fA%3D%3D&ixlib=rb-1.2.1&auto=format&fit=crop&w=800&q=60",
    "category": "Standard",
    "color": "Orange/Purple",
    "manufacturer": "Higher than a Kite, Co.",
    "material": "Mylar",
    "size": "Medium",
    "unitPrice": 54.54854262495985,
    "quantityInStock": 7776
  },
  {
    "productName": "Wedding Arrangement",
    "productID": "ID_1D6NDRX3",
    "imageURL": "https://images.unsplash.com/photo-1550850395-c17a8e90ad0a?ixid=MnwxMjA3fDB8MHxzZWFyY2h8Mnx8YmFsbG9vbnN8ZW58MHx8MHx8&ixlib=rb-1.2.1&auto=format&fit=crop&w=800&q=60",
    "category": "Deluxe",
    "color": "Yellow",
    "manufacturer": "Riesenballon Gesellschaft",
    "material": "Mylar",
    "size": "X-Large",
    "unitPrice": 71.88628288092315,
    "quantityInStock": 8929
  },
  {
    "productName": "Get Well Arrangement",
    "productID": "ID_STFYYMBR",
    "imageURL": "https://images.unsplash.com/photo-1615721383885-a969b63d708f?ixid=MnwxMjA3fDB8MHxzZWFyY2h8NDV8fGJhbGxvb25zfGVufDB8fDB8fA%3D%3D&ixlib=rb-1.2.1&auto=format&fit=crop&w=800&q=60",
    "category": "Standard",
    "color": "Red",
    "manufacturer": "Universal Balloons, Inc.",
    "material": "Mylar",
    "size": "Medium",
    "unitPrice": 27.59364014552213,
    "quantityInStock": 5311
  },
  {
    "productName": "Balloon Column",
    "productID": "ID_SLDYIJPK",
    "imageURL": "https://images.unsplash.com/photo-1572355286138-8dae8e7ba20d?ixlib=rb-1.2.1&ixid=MnwxMjA3fDB8MHxzZWFyY2h8MTZ8fGJhbGxvb25zfGVufDB8fDB8fA%3D%3D&auto=format&fit=crop&w=800&q=60",
    "category": "Industrial",
    "color": "Yellow",
    "manufacturer": "BlowEmUp, Ltd.",
    "material": "Mylar",
    "size": "Small",
    "unitPrice": 68.74938691514568,
    "quantityInStock": 4662
  },
  {
    "productName": "Graduation Arrangement",
    "productID": "ID_OTB50XUW",
    "imageURL": "https://images.unsplash.com/photo-1560128411-79892dd93bf8?ixlib=rb-1.2.1&ixid=MnwxMjA3fDB8MHxzZWFyY2h8Mzl8fGJhbGxvb25zfGVufDB8fDB8fA%3D%3D&auto=format&fit=crop&w=800&q=60",
    "category": "Industrial",
    "color": "Red",
    "manufacturer": "Universal Balloons, Inc.",
    "material": "Latex",
    "size": "Large",
    "unitPrice": 75.53079423003257,
    "quantityInStock": 5732
  },
  {
    "productName": "Get Well Arrangement",
    "productID": "ID_OMQC2VIO",
    "imageURL": "https://images.unsplash.com/photo-1554719956-5c151ab80680?ixid=MnwxMjA3fDB8MHxwaG90by1wYWdlfHx8fGVufDB8fHx8&ixlib=rb-1.2.1&auto=format&fit=crop&w=1287&q=80",
    "category": "Deluxe",
    "color": "Rainbow",
    "manufacturer": "BlowEmUp, Ltd.",
    "material": "Vinyl",
    "size": "Large",
    "unitPrice": 53.39453063884781,
    "quantityInStock": 1335
  },
  {
    "productName": "Balloon Column",
    "productID": "ID_343BB9EY",
    "imageURL": "https://images.unsplash.com/photo-1615721383885-a969b63d708f?ixid=MnwxMjA3fDB8MHxzZWFyY2h8NDV8fGJhbGxvb25zfGVufDB8fDB8fA%3D%3D&ixlib=rb-1.2.1&auto=format&fit=crop&w=800&q=60",
    "category": "Industrial",
    "color": "Silver",
    "manufacturer": "Higher than a Kite, Co.",
    "material": "Vinyl",
    "size": "Medium",
    "unitPrice": 30.8257541520356,
    "quantityInStock": 9788
  },
  {
    "productName": "Balloon Arch",
    "productID": "ID_VTW30E1J",
    "imageURL": "https://images.unsplash.com/photo-1572355286138-8dae8e7ba20d?ixlib=rb-1.2.1&ixid=MnwxMjA3fDB8MHxzZWFyY2h8MTZ8fGJhbGxvb25zfGVufDB8fDB8fA%3D%3D&auto=format&fit=crop&w=800&q=60",
    "category": "Deluxe",
    "color": "Pink",
    "manufacturer": "Universal Balloons, Inc.",
    "material": "Latex",
    "size": "Large",
    "unitPrice": 40.974756296342946,
    "quantityInStock": 1107
  },
  {
    "productName": "Balloon Umbrella",
    "productID": "ID_REM0VMPR",
    "imageURL": "https://images.unsplash.com/photo-1572355286138-8dae8e7ba20d?ixlib=rb-1.2.1&ixid=MnwxMjA3fDB8MHxzZWFyY2h8MTZ8fGJhbGxvb25zfGVufDB8fDB8fA%3D%3D&auto=format&fit=crop&w=800&q=60",
    "category": "Standard",
    "color": "Orange/Purple",
    "manufacturer": "Universal Balloons, Inc.",
    "material": "Mylar",
    "size": "Large",
    "unitPrice": 24.479236455775073,
    "quantityInStock": 8625
  },
  {
    "productName": "Good Luck Arrangement",
    "productID": "ID_GPLW0L4D",
    "imageURL": "https://picsum.photos/200",
    "category": "Economy",
    "color": "Orange",
    "manufacturer": "Higher than a Kite, Co.",
    "material": "Mylar",
    "size": "XX-Large",
    "unitPrice": 7.637943970576822,
    "quantityInStock": 6549
  },
  {
    "productName": "Patriotic Arrangement",
    "productID": "ID_3FZ5DCGQ",
    "imageURL": "https://images.unsplash.com/photo-1615721383885-a969b63d708f?ixid=MnwxMjA3fDB8MHxzZWFyY2h8NDV8fGJhbGxvb25zfGVufDB8fDB8fA%3D%3D&ixlib=rb-1.2.1&auto=format&fit=crop&w=800&q=60",
    "category": "Industrial",
    "color": "Silver",
    "manufacturer": "Higher than a Kite, Co.",
    "material": "Vinyl",
    "size": "Large",
    "unitPrice": 72.84252311629861,
    "quantityInStock": 6206
  },
  {
    "productName": "Balloon Bouquet",
    "productID": "ID_ZV87OW5J",
    "imageURL": "https://images.unsplash.com/photo-1479750178258-aec5879046ce?ixid=MnwxMjA3fDB8MHxzZWFyY2h8MzR8fGJhbGxvb25zfGVufDB8fDB8fA%3D%3D&ixlib=rb-1.2.1&auto=format&fit=crop&w=800&q=60",
    "category": "Standard",
    "color": "Orange/Black",
    "manufacturer": "Universal Balloons, Inc.",
    "material": "Mylar",
    "size": "XX-Large",
    "unitPrice": 38.35867119679604,
    "quantityInStock": 6925
  },
  {
    "productName": "Eid Arrangement",
    "productID": "ID_8HFJX95G",
    "imageURL": "https://images.unsplash.com/photo-1554400928-c233e2fc4d7a?ixid=MnwxMjA3fDB8MHxzZWFyY2h8MjV8fGJhbGxvb25zfGVufDB8fDB8fA%3D%3D&ixlib=rb-1.2.1&auto=format&fit=crop&w=800&q=60",
    "category": "Deluxe",
    "color": "Orange/Purple",
    "manufacturer": "US Gasbags",
    "material": "Latex",
    "size": "XX-Large",
    "unitPrice": 61.64706463507733,
    "quantityInStock": 9850
  },
  {
    "productName": "Retirement Arrangement",
    "productID": "ID_6JZZDERW",
    "imageURL": "https://images.unsplash.com/photo-1600677146221-833ea0eff4e3?ixid=MnwxMjA3fDB8MHxzZWFyY2h8NzN8fGJhbGxvb25zfGVufDB8fDB8fA%3D%3D&ixlib=rb-1.2.1&auto=format&fit=crop&w=800&q=60",
    "category": "Deluxe",
    "color": "Purple",
    "manufacturer": "US Gasbags",
    "material": "Mylar",
    "size": "X-Large",
    "unitPrice": 84.34558293249029,
    "quantityInStock": 1410
  },
  {
    "productName": "Get Well Arrangement",
    "productID": "ID_DQ471UNO",
    "imageURL": "https://images.unsplash.com/photo-1615721383885-a969b63d708f?ixid=MnwxMjA3fDB8MHxzZWFyY2h8NDV8fGJhbGxvb25zfGVufDB8fDB8fA%3D%3D&ixlib=rb-1.2.1&auto=format&fit=crop&w=800&q=60",
    "category": "Industrial",
    "color": "Orange/Purple",
    "manufacturer": "Riesenballon Gesellschaft",
    "material": "Vinyl",
    "size": "Small",
    "unitPrice": 76.4028299933667,
    "quantityInStock": 7400
  },
  {
    "productName": "Retirement Arrangement",
    "productID": "ID_NJDTM3M8",
    "imageURL": "https://images.unsplash.com/photo-1615721383885-a969b63d708f?ixid=MnwxMjA3fDB8MHxzZWFyY2h8NDV8fGJhbGxvb25zfGVufDB8fDB8fA%3D%3D&ixlib=rb-1.2.1&auto=format&fit=crop&w=800&q=60",
    "category": "Industrial",
    "color": "Red/White/Blue",
    "manufacturer": "US Gasbags",
    "material": "Vinyl",
    "size": "Medium",
    "unitPrice": 79.32151760612058,
    "quantityInStock": 3741
  },
  {
    "productName": "Christmas Arrangement",
    "productID": "ID_XROF0E5G",
    "imageURL": "https://images.unsplash.com/photo-1604080907141-8476a60708dc?ixid=MnwxMjA3fDB8MHxzZWFyY2h8MjB8fGJhbGxvb25zfGVufDB8fDB8fA%3D%3D&ixlib=rb-1.2.1&auto=format&fit=crop&w=800&q=60",
    "category": "Deluxe",
    "color": "Red/Yellow/Blue",
    "manufacturer": "Universal Balloons, Inc.",
    "material": "Latex",
    "size": "Small",
    "unitPrice": 3.365793452008237,
    "quantityInStock": 4490
  },
  {
    "productName": "Christmas Arrangement",
    "productID": "ID_ELA967AS",
    "imageURL": "https://images.unsplash.com/photo-1615721383885-a969b63d708f?ixid=MnwxMjA3fDB8MHxzZWFyY2h8NDV8fGJhbGxvb25zfGVufDB8fDB8fA%3D%3D&ixlib=rb-1.2.1&auto=format&fit=crop&w=800&q=60",
    "category": "Industrial",
    "color": "Silver",
    "manufacturer": "BlowEmUp, Ltd.",
    "material": "Latex",
    "size": "XX-Large",
    "unitPrice": 56.70707689754812,
    "quantityInStock": 8531
  },
  {
    "productName": "Balloon Arch",
    "productID": "ID_3WW38UQ9",
    "imageURL": "https://images.unsplash.com/photo-1560128411-79892dd93bf8?ixlib=rb-1.2.1&ixid=MnwxMjA3fDB8MHxzZWFyY2h8Mzl8fGJhbGxvb25zfGVufDB8fDB8fA%3D%3D&auto=format&fit=crop&w=800&q=60",
    "category": "Economy",
    "color": "Orange",
    "manufacturer": "US Gasbags",
    "material": "Latex",
    "size": "Medium",
    "unitPrice": 52.99375232649755,
    "quantityInStock": 4333
  },
  {
    "productName": "Birthday Girl",
    "productID": "ID_AL6NMZNP",
    "imageURL": "https://images.unsplash.com/photo-1572355286138-8dae8e7ba20d?ixlib=rb-1.2.1&ixid=MnwxMjA3fDB8MHxzZWFyY2h8MTZ8fGJhbGxvb25zfGVufDB8fDB8fA%3D%3D&auto=format&fit=crop&w=800&q=60",
    "category": "Economy",
    "color": "Pink",
    "manufacturer": "Universal Balloons, Inc.",
    "material": "Latex",
    "size": "Medium",
    "unitPrice": 88.3919164511344,
    "quantityInStock": 4624
  },
  {
    "productName": "Retirement Arrangement",
    "productID": "ID_J3ZBHIRP",
    "imageURL": "https://source.unsplash.com/user/c_v_r/200x200",
    "category": "Industrial",
    "color": "Blue",
    "manufacturer": "US Gasbags",
    "material": "Mylar",
    "size": "Large",
    "unitPrice": 17.39044614284851,
    "quantityInStock": 1607
  },
  {
    "productName": "Balloon Arch",
    "productID": "ID_GDUJR7ZF",
    "imageURL": "https://images.unsplash.com/photo-1572355286138-8dae8e7ba20d?ixlib=rb-1.2.1&ixid=MnwxMjA3fDB8MHxzZWFyY2h8MTZ8fGJhbGxvb25zfGVufDB8fDB8fA%3D%3D&auto=format&fit=crop&w=800&q=60",
    "category": "Economy",
    "color": "Yellow",
    "manufacturer": "BlowEmUp, Ltd.",
    "material": "Vinyl",
    "size": "Large",
    "unitPrice": 64.32962818810407,
    "quantityInStock": 1794
  },
  {
    "productName": "Patriotic Arrangement",
    "productID": "ID_79CZBHZZ",
    "imageURL": "https://images.unsplash.com/photo-1604080907141-8476a60708dc?ixid=MnwxMjA3fDB8MHxzZWFyY2h8MjB8fGJhbGxvb25zfGVufDB8fDB8fA%3D%3D&ixlib=rb-1.2.1&auto=format&fit=crop&w=800&q=60",
    "category": "Economy",
    "color": "Gold",
    "manufacturer": "Higher than a Kite, Co.",
    "material": "Vinyl",
    "size": "Large",
    "unitPrice": 17.774443705366615,
    "quantityInStock": 43
  },
  {
    "productName": "Balloon Umbrella",
    "productID": "ID_Q1ETFJZW",
    "imageURL": "https://images.unsplash.com/photo-1529153856829-f8c6aeee2e48?ixid=MnwxMjA3fDB8MHxzZWFyY2h8MjZ8fGJhbGxvb25zfGVufDB8fDB8fA%3D%3D&ixlib=rb-1.2.1&auto=format&fit=crop&w=800&q=60",
    "category": "Industrial",
    "color": "White",
    "manufacturer": "US Gasbags",
    "material": "Latex",
    "size": "XX-Large",
    "unitPrice": 29.200115633581852,
    "quantityInStock": 2917
  },
  {
    "productName": "Balloon Column",
    "productID": "ID_EJB7LM0N",
    "imageURL": "https://images.unsplash.com/photo-1600677146221-833ea0eff4e3?ixid=MnwxMjA3fDB8MHxzZWFyY2h8NzN8fGJhbGxvb25zfGVufDB8fDB8fA%3D%3D&ixlib=rb-1.2.1&auto=format&fit=crop&w=800&q=60",
    "category": "Deluxe",
    "color": "Pink",
    "manufacturer": "BlowEmUp, Ltd.",
    "material": "Latex",
    "size": "Small",
    "unitPrice": 87.02500212121947,
    "quantityInStock": 7994
  }
]
